precinct,biden_total,trump_total,total,trump_percent,biden_percent
1001,420.0,107.0,527.0,20.30360531309298,79.69639468690703
1002,307.0,157.0,464.0,33.83620689655172,66.16379310344827
1003,1102.0,268.0,1370.0,19.562043795620436,80.43795620437956
1004,394.0,117.0,511.0,22.89628180039139,77.10371819960861
1005,342.0,100.0,442.0,22.624434389140273,77.37556561085974
1006,859.0,297.0,1156.0,25.692041522491348,74.30795847750865
1007,592.0,185.0,777.0,23.809523809523807,76.19047619047619
1008,1074.0,207.0,1281.0,16.159250585480095,83.8407494145199
1009,692.0,471.0,1163.0,40.49871023215822,59.50128976784179
1010,320.0,74.0,394.0,18.781725888324875,81.21827411167513
1011,201.0,78.0,279.0,27.956989247311824,72.04301075268818
1012,798.0,432.0,1230.0,35.12195121951219,64.8780487804878
1013,1054.0,261.0,1315.0,19.847908745247146,80.15209125475286
1014,517.0,127.0,644.0,19.72049689440994,80.27950310559007
1015,552.0,167.0,719.0,23.226703755215578,76.77329624478443
1016,446.0,139.0,585.0,23.760683760683758,76.23931623931624
1017,86.0,46.0,132.0,34.84848484848485,65.15151515151516
1018,863.0,322.0,1185.0,27.17299578059072,72.82700421940929
1019,305.0,107.0,412.0,25.970873786407765,74.02912621359224
1020,974.0,344.0,1318.0,26.100151745068285,73.89984825493171
1021,660.0,220.0,880.0,25.0,75.0
1022,365.0,123.0,488.0,25.204918032786882,74.79508196721312
1023,943.0,263.0,1206.0,21.807628524046436,78.19237147595356
1024,1292.0,714.0,2006.0,35.59322033898305,64.40677966101694
1025,222.0,68.0,290.0,23.448275862068964,76.55172413793103
1026,451.0,166.0,617.0,26.904376012965965,73.09562398703403
1027,174.0,126.0,300.0,42.0,57.99999999999999
1028,378.0,147.0,525.0,28.000000000000004,72.0
1029,799.0,246.0,1045.0,23.54066985645933,76.45933014354067
1030,23.0,16.0,39.0,41.02564102564102,58.97435897435898
1031,584.0,179.0,763.0,23.46002621231979,76.53997378768021
1032,899.0,232.0,1131.0,20.51282051282051,79.48717948717949
1033,651.0,355.0,1006.0,35.288270377733596,64.7117296222664
1034,1700.0,1370.0,3070.0,44.62540716612378,55.37459283387622
1035,215.0,227.0,442.0,51.35746606334841,48.64253393665158
1036,1329.0,761.0,2090.0,36.411483253588514,63.588516746411486
1037,901.0,364.0,1265.0,28.774703557312254,71.22529644268775
1038,1197.0,624.0,1821.0,34.2668863261944,65.7331136738056
1039,1016.0,345.0,1361.0,25.349008082292436,74.65099191770757
1040,951.0,303.0,1254.0,24.16267942583732,75.83732057416267
1041,792.0,252.0,1044.0,24.137931034482758,75.86206896551724
1042,441.0,169.0,610.0,27.704918032786885,72.29508196721312
1043,605.0,300.0,905.0,33.14917127071823,66.85082872928176
1044,912.0,330.0,1242.0,26.570048309178745,73.42995169082126
1045,1337.0,534.0,1871.0,28.540887226082308,71.45911277391768
1046,821.0,291.0,1112.0,26.169064748201436,73.83093525179856
1047,649.0,228.0,877.0,25.997719498289623,74.00228050171037
1048,866.0,346.0,1212.0,28.54785478547855,71.45214521452145
1049,959.0,395.0,1354.0,29.17282127031019,70.8271787296898
1050,542.0,251.0,793.0,31.651954602774275,68.34804539722572
1051,691.0,420.0,1111.0,37.80378037803781,62.1962196219622
1052,856.0,380.0,1236.0,30.74433656957929,69.25566343042071
1053,88.0,40.0,128.0,31.25,68.75
1054,1028.0,459.0,1487.0,30.867518493611296,69.1324815063887
1055,893.0,486.0,1379.0,35.24292965917331,64.75707034082669
1056,1174.0,729.0,1903.0,38.30793483972675,61.69206516027326
1057,640.0,699.0,1339.0,52.203136669156095,47.79686333084391
1058,780.0,719.0,1499.0,47.96531020680453,52.03468979319547
1059,149.0,91.0,240.0,37.916666666666664,62.083333333333336
1060,1152.0,424.0,1576.0,26.903553299492383,73.09644670050761
1061,970.0,334.0,1304.0,25.61349693251534,74.38650306748467
1062,34.0,63.0,97.0,64.94845360824742,35.051546391752574
1063,560.0,643.0,1203.0,53.44970906068163,46.55029093931837
1064,401.0,309.0,710.0,43.52112676056338,56.47887323943662
1065,709.0,709.0,1418.0,50.0,50.0
1066,270.0,174.0,444.0,39.189189189189186,60.810810810810814
1067,874.0,1095.0,1969.0,55.61198577958355,44.38801422041646
1068,699.0,574.0,1273.0,45.09033778476041,54.9096622152396
1069,198.0,181.0,379.0,47.75725593667546,52.242744063324544
1070,412.0,191.0,603.0,31.674958540630183,68.32504145936981
1071,777.0,417.0,1194.0,34.92462311557789,65.07537688442211
1072,879.0,339.0,1218.0,27.832512315270936,72.16748768472905
1073,1398.0,1024.0,2422.0,42.27910817506193,57.72089182493807
1074,6.0,5.0,11.0,45.45454545454545,54.54545454545454
1075,818.0,315.0,1133.0,27.802294792586054,72.19770520741395
1076,1150.0,613.0,1763.0,34.77027793533749,65.22972206466251
1077,696.0,221.0,917.0,24.10032715376227,75.89967284623773
1078,209.0,61.0,270.0,22.59259259259259,77.4074074074074
1079,1144.0,546.0,1690.0,32.30769230769231,67.6923076923077
1080,2114.0,819.0,2933.0,27.923627684964202,72.0763723150358
1081,525.0,759.0,1284.0,59.112149532710276,40.887850467289724
1082,1811.0,967.0,2778.0,34.80921526277898,65.19078473722102
1083,1171.0,702.0,1873.0,37.47997864388681,62.52002135611319
1084,756.0,317.0,1073.0,29.54333643988816,70.45666356011183
1085,632.0,270.0,902.0,29.933481152993345,70.06651884700665
1086,1008.0,470.0,1478.0,31.799729364005415,68.20027063599458
1087,629.0,250.0,879.0,28.441410693970422,71.55858930602957
1088,351.0,115.0,466.0,24.678111587982833,75.32188841201717
1089,613.0,459.0,1072.0,42.81716417910448,57.18283582089553
1090,0.0,0.0,0.0,,
1091,967.0,450.0,1417.0,31.75723359209598,68.24276640790401
1092,419.0,211.0,630.0,33.49206349206349,66.5079365079365
1093,527.0,293.0,820.0,35.731707317073166,64.26829268292683
1094,988.0,560.0,1548.0,36.17571059431525,63.82428940568475
1095,94.0,72.0,166.0,43.373493975903614,56.62650602409639
1096,58.0,15.0,73.0,20.54794520547945,79.45205479452055
1097,288.0,125.0,413.0,30.26634382566586,69.73365617433413
1098,387.0,84.0,471.0,17.8343949044586,82.16560509554141
1099,1294.0,673.0,1967.0,34.21453990849009,65.78546009150992
1100,1202.0,660.0,1862.0,35.44575725026853,64.55424274973147
1101,0.0,0.0,0.0,,
1102,287.0,324.0,611.0,53.0278232405892,46.9721767594108
1103,287.0,274.0,561.0,48.84135472370767,51.15864527629233
1104,1368.0,800.0,2168.0,36.90036900369004,63.09963099630996
1105,260.0,157.0,417.0,37.64988009592326,62.35011990407674
1106,0.0,0.0,0.0,,
1107,939.0,781.0,1720.0,45.406976744186046,54.593023255813954
1108,1896.0,1340.0,3236.0,41.409147095179236,58.590852904820764
1109,0.0,3.0,3.0,100.0,0.0
1110,1232.0,729.0,1961.0,37.17491075981642,62.82508924018359
1111,2197.0,1299.0,3496.0,37.15675057208238,62.84324942791763
1112,2051.0,906.0,2957.0,30.639161312140683,69.36083868785931
1113,1270.0,684.0,1954.0,35.00511770726714,64.99488229273285
1114,23.0,18.0,41.0,43.90243902439025,56.09756097560976
1115,59.0,54.0,113.0,47.78761061946903,52.21238938053098
1116,510.0,442.0,952.0,46.42857142857143,53.57142857142857
1117,122.0,78.0,200.0,39.0,61.0
1118,1734.0,1463.0,3197.0,45.761651548326554,54.238348451673446
1119,56.0,19.0,75.0,25.333333333333336,74.66666666666667
1120,70.0,17.0,87.0,19.54022988505747,80.45977011494253
1121,1492.0,925.0,2417.0,38.270583367811334,61.72941663218866
1122,2051.0,1489.0,3540.0,42.06214689265536,57.93785310734463
1123,167.0,182.0,349.0,52.14899713467048,47.85100286532951
1124,264.0,191.0,455.0,41.97802197802198,58.02197802197803
1125,874.0,671.0,1545.0,43.43042071197411,56.56957928802589
1126,0.0,0.0,0.0,,
1127,210.0,83.0,293.0,28.327645051194537,71.67235494880546
1128,604.0,400.0,1004.0,39.8406374501992,60.1593625498008
1129,1066.0,654.0,1720.0,38.02325581395349,61.9767441860465
1130,0.0,0.0,0.0,,
1131,0.0,0.0,0.0,,
1132,2.0,0.0,2.0,0.0,100.0
1133,0.0,2.0,2.0,100.0,0.0
1134,0.0,0.0,0.0,,
1135,0.0,0.0,0.0,,
1136,40.0,27.0,67.0,40.298507462686565,59.70149253731343
1137,0.0,0.0,0.0,,
1138,371.0,155.0,526.0,29.467680608365022,70.53231939163499
1139,434.0,193.0,627.0,30.78149920255183,69.21850079744817
1140,494.0,314.0,808.0,38.86138613861386,61.13861386138614
1141,951.0,664.0,1615.0,41.11455108359133,58.88544891640867
1142,870.0,402.0,1272.0,31.60377358490566,68.39622641509435
1143,1401.0,1031.0,2432.0,42.39309210526316,57.60690789473685
1144,955.0,1300.0,2255.0,57.64966740576497,42.350332594235034
1145,250.0,293.0,543.0,53.95948434622467,46.04051565377532
1146,51.0,56.0,107.0,52.336448598130836,47.66355140186916
1147,1108.0,612.0,1720.0,35.581395348837205,64.4186046511628
1148,340.0,193.0,533.0,36.210131332082554,63.789868667917446
1149,978.0,493.0,1471.0,33.51461590754589,66.48538409245411
1150,1043.0,688.0,1731.0,39.74581166955517,60.254188330444826
1151,999.0,701.0,1700.0,41.23529411764706,58.76470588235294
2001,283.0,76.0,359.0,21.16991643454039,78.8300835654596
2002,480.0,145.0,625.0,23.200000000000003,76.8
2003,731.0,198.0,929.0,21.31324004305705,78.68675995694295
2004,1072.0,296.0,1368.0,21.637426900584796,78.3625730994152
2005,471.0,127.0,598.0,21.237458193979933,78.76254180602007
2006,9.0,2.0,11.0,18.181818181818183,81.81818181818183
2007,617.0,188.0,805.0,23.354037267080745,76.64596273291926
2008,412.0,132.0,544.0,24.264705882352942,75.73529411764706
2009,888.0,316.0,1204.0,26.245847176079735,73.75415282392026
2010,533.0,322.0,855.0,37.6608187134503,62.3391812865497
2011,734.0,194.0,928.0,20.905172413793103,79.09482758620689
2012,542.0,153.0,695.0,22.014388489208635,77.98561151079136
2013,518.0,149.0,667.0,22.338830584707647,77.66116941529235
2014,502.0,172.0,674.0,25.519287833827892,74.4807121661721
2015,640.0,186.0,826.0,22.518159806295397,77.4818401937046
2016,459.0,91.0,550.0,16.545454545454547,83.45454545454545
2017,364.0,101.0,465.0,21.72043010752688,78.27956989247312
2018,559.0,168.0,727.0,23.108665749656122,76.89133425034387
2019,645.0,156.0,801.0,19.475655430711612,80.52434456928839
2020,1073.0,240.0,1313.0,18.27875095201828,81.72124904798173
2021,1049.0,305.0,1354.0,22.525849335302805,77.47415066469719
2022,581.0,169.0,750.0,22.53333333333333,77.46666666666667
2023,1110.0,330.0,1440.0,22.916666666666664,77.08333333333334
2024,703.0,289.0,992.0,29.133064516129032,70.86693548387096
2025,1172.0,382.0,1554.0,24.581724581724583,75.41827541827541
2026,1011.0,451.0,1462.0,30.848153214774282,69.15184678522573
2027,602.0,272.0,874.0,31.12128146453089,68.8787185354691
2028,1104.0,450.0,1554.0,28.957528957528954,71.04247104247105
2029,418.0,123.0,541.0,22.73567467652495,77.26432532347505
2030,548.0,150.0,698.0,21.48997134670487,78.51002865329512
2031,563.0,144.0,707.0,20.367751060820368,79.63224893917963
2032,227.0,66.0,293.0,22.525597269624573,77.47440273037543
2033,275.0,78.0,353.0,22.096317280453256,77.90368271954674
2034,282.0,92.0,374.0,24.598930481283425,75.40106951871658
2035,773.0,220.0,993.0,22.15508559919436,77.84491440080565
2036,894.0,357.0,1251.0,28.53717026378897,71.46282973621103
2037,572.0,520.0,1092.0,47.61904761904761,52.38095238095239
2038,598.0,335.0,933.0,35.90568060021436,64.09431939978563
2039,727.0,173.0,900.0,19.22222222222222,80.77777777777779
2040,1029.0,435.0,1464.0,29.713114754098363,70.28688524590164
2041,1196.0,457.0,1653.0,27.64670296430732,72.35329703569268
2042,658.0,204.0,862.0,23.665893271461716,76.33410672853829
2043,794.0,260.0,1054.0,24.667931688804554,75.33206831119544
2044,808.0,288.0,1096.0,26.277372262773724,73.72262773722628
2045,1133.0,289.0,1422.0,20.323488045007032,79.67651195499298
2046,1084.0,408.0,1492.0,27.34584450402145,72.65415549597856
2047,816.0,299.0,1115.0,26.81614349775785,73.18385650224215
2048,706.0,226.0,932.0,24.248927038626608,75.7510729613734
2049,1220.0,488.0,1708.0,28.57142857142857,71.42857142857143
2050,825.0,346.0,1171.0,29.54739538855679,70.45260461144322
2051,302.0,106.0,408.0,25.98039215686275,74.01960784313727
2052,371.0,153.0,524.0,29.198473282442748,70.80152671755725
2053,545.0,156.0,701.0,22.25392296718973,77.74607703281026
2054,1038.0,261.0,1299.0,20.092378752886837,79.90762124711316
2055,877.0,243.0,1120.0,21.696428571428573,78.30357142857143
2056,603.0,233.0,836.0,27.870813397129186,72.1291866028708
2057,896.0,304.0,1200.0,25.333333333333336,74.66666666666667
2058,888.0,359.0,1247.0,28.789093825180434,71.21090617481957
2059,903.0,362.0,1265.0,28.616600790513836,71.38339920948617
2060,638.0,243.0,881.0,27.582292849035188,72.41770715096482
2061,499.0,275.0,774.0,35.5297157622739,64.47028423772609
2062,536.0,271.0,807.0,33.581164807930605,66.4188351920694
2063,636.0,902.0,1538.0,58.647594278283485,41.352405721716515
2064,994.0,541.0,1535.0,35.2442996742671,64.7557003257329
2065,2173.0,1201.0,3374.0,35.595732068761116,64.40426793123889
2066,1524.0,1291.0,2815.0,45.86145648312611,54.138543516873895
2067,144.0,35.0,179.0,19.553072625698324,80.44692737430168
2068,1648.0,1266.0,2914.0,43.44543582704187,56.55456417295813
2069,1280.0,654.0,1934.0,33.81592554291623,66.18407445708377
2070,771.0,177.0,948.0,18.670886075949365,81.32911392405063
2071,262.0,93.0,355.0,26.197183098591548,73.80281690140845
2072,1277.0,904.0,2181.0,41.44887666208162,58.55112333791838
2073,474.0,229.0,703.0,32.574679943100996,67.42532005689901
2074,391.0,120.0,511.0,23.483365949119374,76.51663405088063
2075,412.0,89.0,501.0,17.764471057884233,82.23552894211576
2076,978.0,715.0,1693.0,42.23272297696397,57.76727702303604
2077,1007.0,686.0,1693.0,40.51978735971648,59.480212640283526
2078,1036.0,588.0,1624.0,36.206896551724135,63.793103448275865
2079,251.0,41.0,292.0,14.04109589041096,85.95890410958904
2080,575.0,246.0,821.0,29.963459196102317,70.03654080389768
2081,403.0,154.0,557.0,27.648114901256733,72.35188509874327
2082,622.0,289.0,911.0,31.72338090010977,68.27661909989024
2083,408.0,127.0,535.0,23.738317757009344,76.26168224299066
2084,1262.0,1259.0,2521.0,49.94049980166601,50.05950019833399
2085,605.0,262.0,867.0,30.219146482122262,69.78085351787774
2086,1471.0,934.0,2405.0,38.83575883575884,61.16424116424116
2087,721.0,619.0,1340.0,46.19402985074627,53.80597014925373
2088,1677.0,915.0,2592.0,35.300925925925924,64.69907407407408
2089,201.0,49.0,250.0,19.6,80.4
2090,922.0,357.0,1279.0,27.912431587177483,72.08756841282252
2091,1279.0,466.0,1745.0,26.704871060171918,73.29512893982807
2092,171.0,118.0,289.0,40.830449826989614,59.16955017301038
2093,610.0,392.0,1002.0,39.12175648702595,60.87824351297405
2094,68.0,60.0,128.0,46.875,53.125
2095,817.0,1068.0,1885.0,56.65782493368701,43.342175066313
2096,1055.0,449.0,1504.0,29.853723404255316,70.14627659574468
2097,1076.0,564.0,1640.0,34.390243902439025,65.60975609756098
2098,572.0,296.0,868.0,34.10138248847927,65.89861751152074
2099,602.0,491.0,1093.0,44.92223238792315,55.077767612076855
2100,542.0,268.0,810.0,33.086419753086425,66.91358024691358
2101,550.0,572.0,1122.0,50.98039215686274,49.01960784313725
2102,1070.0,781.0,1851.0,42.19340896812534,57.80659103187467
2103,105.0,32.0,137.0,23.357664233576642,76.64233576642336
2104,132.0,38.0,170.0,22.35294117647059,77.64705882352942
2105,235.0,73.0,308.0,23.7012987012987,76.2987012987013
2106,222.0,94.0,316.0,29.746835443037973,70.25316455696202
2107,1455.0,891.0,2346.0,37.97953964194373,62.02046035805626
2108,455.0,442.0,897.0,49.275362318840585,50.72463768115942
2109,1.0,0.0,1.0,0.0,100.0
2110,475.0,335.0,810.0,41.358024691358025,58.64197530864198
2111,439.0,214.0,653.0,32.7718223583461,67.22817764165391
2112,755.0,458.0,1213.0,37.757625721352014,62.242374278647986
2113,38.0,15.0,53.0,28.30188679245283,71.69811320754717
2114,890.0,423.0,1313.0,32.216298552932216,67.78370144706778
2115,2670.0,2215.0,4885.0,45.34288638689867,54.65711361310133
2116,0.0,0.0,0.0,,
2117,289.0,70.0,359.0,19.498607242339833,80.50139275766016
2118,13.0,1.0,14.0,7.142857142857142,92.85714285714286
2119,141.0,38.0,179.0,21.22905027932961,78.77094972067039
2120,948.0,716.0,1664.0,43.02884615384615,56.97115384615385
2121,206.0,111.0,317.0,35.01577287066246,64.98422712933754
2122,683.0,266.0,949.0,28.02950474183351,71.9704952581665
2123,814.0,732.0,1546.0,47.347994825355755,52.652005174644245
2124,295.0,177.0,472.0,37.5,62.5
2125,1233.0,992.0,2225.0,44.58426966292135,55.41573033707865
2126,596.0,338.0,934.0,36.188436830835116,63.811563169164884
2127,1064.0,734.0,1798.0,40.82313681868743,59.17686318131257
2128,900.0,312.0,1212.0,25.742574257425744,74.25742574257426
2129,0.0,0.0,0.0,,
2130,965.0,556.0,1521.0,36.55489809335963,63.44510190664037
2131,181.0,94.0,275.0,34.18181818181818,65.81818181818181
2132,0.0,0.0,0.0,,
2133,156.0,105.0,261.0,40.229885057471265,59.77011494252874
2134,527.0,235.0,762.0,30.839895013123357,69.16010498687663
2135,312.0,140.0,452.0,30.973451327433626,69.02654867256636
2136,1705.0,1306.0,3011.0,43.37429425440053,56.62570574559946
2137,503.0,281.0,784.0,35.84183673469388,64.15816326530613
2138,394.0,247.0,641.0,38.53354134165367,61.46645865834633
2139,763.0,606.0,1369.0,44.26588750913075,55.73411249086925
2140,761.0,316.0,1077.0,29.340761374187558,70.65923862581243
2141,615.0,402.0,1017.0,39.52802359882006,60.47197640117994
2142,256.0,110.0,366.0,30.05464480874317,69.94535519125684
2143,810.0,579.0,1389.0,41.68466522678186,58.31533477321814
2144,872.0,437.0,1309.0,33.3842627960275,66.6157372039725
2145,163.0,109.0,272.0,40.07352941176471,59.92647058823529
2146,40.0,14.0,54.0,25.925925925925924,74.07407407407408
2147,243.0,158.0,401.0,39.40149625935162,60.59850374064838
2148,1613.0,651.0,2264.0,28.75441696113074,71.24558303886926
2149,897.0,385.0,1282.0,30.03120124804992,69.96879875195008
2150,7.0,1.0,8.0,12.5,87.5
2151,11.0,6.0,17.0,35.294117647058826,64.70588235294117
2152,234.0,76.0,310.0,24.516129032258064,75.48387096774194
2153,135.0,70.0,205.0,34.146341463414636,65.85365853658537
2154,1635.0,1143.0,2778.0,41.14470842332613,58.855291576673864
2155,1.0,0.0,1.0,0.0,100.0
2156,607.0,244.0,851.0,28.672150411280846,71.32784958871915
2157,0.0,0.0,0.0,,
2158,0.0,0.0,0.0,,
2159,83.0,65.0,148.0,43.91891891891892,56.08108108108109
2160,3.0,1.0,4.0,25.0,75.0
3001,1300.0,1333.0,2633.0,50.62666160273452,49.37333839726548
3002,904.0,775.0,1679.0,46.15842763549732,53.841572364502674
3003,21.0,33.0,54.0,61.111111111111114,38.88888888888889
3004,0.0,0.0,0.0,,
3005,903.0,1567.0,2470.0,63.441295546558706,36.558704453441294
3006,420.0,433.0,853.0,50.76201641266119,49.2379835873388
3007,1219.0,1109.0,2328.0,47.63745704467354,52.36254295532646
3008,35.0,46.0,81.0,56.79012345679012,43.20987654320987
3009,0.0,11.0,11.0,100.0,0.0
3010,292.0,123.0,415.0,29.63855421686747,70.36144578313252
3011,426.0,378.0,804.0,47.01492537313433,52.98507462686567
3012,375.0,624.0,999.0,62.46246246246246,37.53753753753754
3013,802.0,552.0,1354.0,40.76809453471196,59.23190546528804
3014,197.0,185.0,382.0,48.42931937172775,51.57068062827225
3015,461.0,321.0,782.0,41.04859335038363,58.95140664961637
3016,85.0,77.0,162.0,47.53086419753087,52.46913580246913
3017,684.0,1398.0,2082.0,67.14697406340058,32.85302593659942
3018,768.0,726.0,1494.0,48.59437751004016,51.40562248995983
3019,344.0,150.0,494.0,30.364372469635626,69.63562753036437
3020,1208.0,851.0,2059.0,41.33074307916465,58.66925692083535
3021,672.0,1319.0,1991.0,66.24811652435963,33.75188347564038
3022,717.0,603.0,1320.0,45.68181818181819,54.31818181818182
3023,1046.0,697.0,1743.0,39.988525530694204,60.011474469305796
3024,0.0,0.0,0.0,,
3025,702.0,674.0,1376.0,48.98255813953488,51.01744186046512
3026,615.0,621.0,1236.0,50.24271844660194,49.75728155339806
3027,586.0,595.0,1181.0,50.38103302286198,49.618966977138015
3028,749.0,727.0,1476.0,49.25474254742547,50.74525745257452
3029,547.0,387.0,934.0,41.434689507494646,58.565310492505354
3030,850.0,950.0,1800.0,52.77777777777778,47.22222222222222
3031,12.0,6.0,18.0,33.33333333333333,66.66666666666666
3032,947.0,534.0,1481.0,36.056718433490886,63.943281566509114
3033,658.0,1009.0,1667.0,60.52789442111578,39.472105578884225
3034,559.0,1551.0,2110.0,73.50710900473933,26.492890995260666
3035,347.0,272.0,619.0,43.94184168012924,56.058158319870756
3036,1860.0,1008.0,2868.0,35.146443514644346,64.85355648535564
3037,1233.0,897.0,2130.0,42.112676056338024,57.887323943661976
3038,486.0,422.0,908.0,46.47577092511013,53.524229074889874
3039,1259.0,1961.0,3220.0,60.900621118012424,39.099378881987576
3040,845.0,756.0,1601.0,47.220487195502805,52.77951280449719
3041,217.0,222.0,439.0,50.56947608200456,49.430523917995444
3042,847.0,996.0,1843.0,54.04232230059686,45.95767769940315
3043,823.0,1495.0,2318.0,64.49525452976704,35.504745470232955
3044,593.0,528.0,1121.0,47.100802854594114,52.899197145405886
3045,540.0,704.0,1244.0,56.59163987138264,43.40836012861736
3046,666.0,521.0,1187.0,43.8921651221567,56.1078348778433
3047,801.0,669.0,1470.0,45.51020408163266,54.48979591836734
3048,740.0,517.0,1257.0,41.1296738265712,58.8703261734288
3049,832.0,917.0,1749.0,52.42995997712979,47.57004002287022
3050,449.0,431.0,880.0,48.97727272727273,51.02272727272727
3051,113.0,190.0,303.0,62.70627062706271,37.29372937293729
3052,1736.0,1856.0,3592.0,51.67037861915368,48.329621380846326
3053,769.0,686.0,1455.0,47.14776632302405,52.85223367697595
3054,757.0,520.0,1277.0,40.72043852779953,59.27956147220047
3055,819.0,1783.0,2602.0,68.52421214450423,31.475787855495774
3056,894.0,495.0,1389.0,35.63714902807775,64.36285097192224
3057,220.0,215.0,435.0,49.42528735632184,50.57471264367817
3058,1548.0,868.0,2416.0,35.9271523178808,64.0728476821192
3059,683.0,739.0,1422.0,51.9690576652602,48.0309423347398
3060,805.0,619.0,1424.0,43.46910112359551,56.53089887640449
3061,765.0,564.0,1329.0,42.43792325056434,57.56207674943566
3062,13.0,9.0,22.0,40.909090909090914,59.09090909090909
3063,804.0,652.0,1456.0,44.78021978021978,55.219780219780226
3064,192.0,150.0,342.0,43.859649122807014,56.14035087719298
3065,20.0,10.0,30.0,33.33333333333333,66.66666666666666
3066,783.0,652.0,1435.0,45.43554006968641,54.56445993031359
3067,649.0,577.0,1226.0,47.06362153344209,52.93637846655791
3068,1140.0,522.0,1662.0,31.40794223826715,68.59205776173285
3069,1378.0,1114.0,2492.0,44.703049759229536,55.29695024077047
3070,1013.0,932.0,1945.0,47.91773778920309,52.08226221079691
3071,1091.0,691.0,1782.0,38.77665544332211,61.223344556677894
3072,1451.0,1792.0,3243.0,55.25747764415665,44.742522355843356
3073,713.0,508.0,1221.0,41.6052416052416,58.3947583947584
3074,1005.0,1026.0,2031.0,50.51698670605613,49.48301329394387
3075,1036.0,1508.0,2544.0,59.27672955974843,40.723270440251575
3076,477.0,639.0,1116.0,57.25806451612904,42.74193548387097
3077,1028.0,951.0,1979.0,48.05457301667509,51.945426983324914
3078,1138.0,1091.0,2229.0,48.945715567519066,51.054284432480934
3079,1262.0,1207.0,2469.0,48.88618874038072,51.11381125961928
3080,434.0,454.0,888.0,51.126126126126124,48.873873873873876
3081,896.0,785.0,1681.0,46.69839381320642,53.30160618679357
3082,927.0,850.0,1777.0,47.833427124366914,52.166572875633086
3083,550.0,622.0,1172.0,53.07167235494881,46.92832764505119
3084,1241.0,1214.0,2455.0,49.450101832993894,50.54989816700611
3085,493.0,448.0,941.0,47.60892667375133,52.39107332624867
3086,696.0,723.0,1419.0,50.95137420718816,49.04862579281184
3087,524.0,666.0,1190.0,55.96638655462185,44.03361344537815
3088,1339.0,1478.0,2817.0,52.46716364927227,47.53283635072773
3089,1336.0,2395.0,3731.0,64.1919056553203,35.80809434467971
3090,1126.0,1219.0,2345.0,51.98294243070363,48.01705756929637
3091,226.0,462.0,688.0,67.15116279069767,32.848837209302324
3092,775.0,1395.0,2170.0,64.28571428571429,35.714285714285715
3093,1637.0,1944.0,3581.0,54.286512147444846,45.713487852555154
3094,1362.0,1694.0,3056.0,55.43193717277487,44.56806282722513
3095,1233.0,629.0,1862.0,33.78088077336198,66.21911922663803
3096,1104.0,1444.0,2548.0,56.67189952904239,43.328100470957615
3097,1.0,10.0,11.0,90.9090909090909,9.090909090909092
3098,499.0,504.0,1003.0,50.24925224327019,49.750747756729815
3099,1402.0,1301.0,2703.0,48.13170551239364,51.868294487606356
3100,1302.0,1119.0,2421.0,46.220570012391576,53.77942998760843
3101,1071.0,1034.0,2105.0,49.12114014251782,50.87885985748218
3102,1157.0,1230.0,2387.0,51.52911604524508,48.470883954754925
3103,319.0,218.0,537.0,40.59590316573557,59.40409683426443
3104,965.0,1075.0,2040.0,52.69607843137255,47.30392156862745
3105,1221.0,1181.0,2402.0,49.16736053288926,50.83263946711074
3106,488.0,831.0,1319.0,63.00227445034117,36.99772554965883
3107,729.0,394.0,1123.0,35.08459483526269,64.91540516473731
3108,543.0,685.0,1228.0,55.78175895765472,44.21824104234528
3109,1203.0,875.0,2078.0,42.10779595765159,57.89220404234842
3110,1144.0,1089.0,2233.0,48.76847290640394,51.231527093596064
3111,0.0,0.0,0.0,,
3112,710.0,352.0,1062.0,33.14500941619586,66.85499058380414
3113,473.0,221.0,694.0,31.84438040345821,68.15561959654178
3114,705.0,1162.0,1867.0,62.23888591322978,37.76111408677022
3115,721.0,759.0,1480.0,51.28378378378379,48.71621621621622
3116,661.0,438.0,1099.0,39.85441310282074,60.14558689717925
3117,1131.0,1272.0,2403.0,52.9338327091136,47.06616729088639
3118,408.0,342.0,750.0,45.6,54.400000000000006
3119,1577.0,1159.0,2736.0,42.36111111111111,57.638888888888886
3120,1287.0,1218.0,2505.0,48.622754491017965,51.37724550898204
3121,1687.0,1749.0,3436.0,50.90221187427241,49.09778812572759
3122,887.0,870.0,1757.0,49.51622083096186,50.48377916903814
3123,211.0,329.0,540.0,60.92592592592593,39.07407407407407
3124,1539.0,1751.0,3290.0,53.22188449848024,46.77811550151976
3125,1336.0,1553.0,2889.0,53.75562478366217,46.244375216337836
3126,699.0,843.0,1542.0,54.6692607003891,45.3307392996109
3127,1562.0,1099.0,2661.0,41.30026305900037,58.69973694099963
3128,15.0,25.0,40.0,62.5,37.5
3129,1441.0,926.0,2367.0,39.121250528094635,60.878749471905365
3130,640.0,824.0,1464.0,56.284153005464475,43.71584699453552
3131,0.0,2.0,2.0,100.0,0.0
3132,586.0,310.0,896.0,34.598214285714285,65.40178571428571
3133,0.0,0.0,0.0,,
3134,1208.0,506.0,1714.0,29.52158693115519,70.4784130688448
3135,430.0,238.0,668.0,35.62874251497006,64.37125748502994
3136,198.0,171.0,369.0,46.34146341463415,53.65853658536586
3137,1726.0,2008.0,3734.0,53.77611140867702,46.223888591322975
3138,13.0,31.0,44.0,70.45454545454545,29.545454545454547
3139,668.0,418.0,1086.0,38.48987108655617,61.51012891344383
3140,175.0,88.0,263.0,33.460076045627375,66.53992395437263
3141,615.0,339.0,954.0,35.53459119496855,64.46540880503144
3142,214.0,129.0,343.0,37.60932944606414,62.390670553935855
3143,638.0,496.0,1134.0,43.738977072310405,56.261022927689595
3144,223.0,168.0,391.0,42.96675191815857,57.033248081841435
3145,1388.0,1357.0,2745.0,49.435336976320585,50.564663023679415
3146,1590.0,877.0,2467.0,35.54925010133766,64.45074989866234
3147,1062.0,755.0,1817.0,41.55200880572372,58.447991194276284
3148,456.0,589.0,1045.0,56.36363636363636,43.63636363636363
3149,913.0,247.0,1160.0,21.293103448275865,78.70689655172414
3150,15.0,15.0,30.0,50.0,50.0
3151,1077.0,1320.0,2397.0,55.06883604505632,44.931163954943685
3152,786.0,358.0,1144.0,31.293706293706293,68.7062937062937
3153,586.0,572.0,1158.0,49.395509499136445,50.604490500863555
3154,596.0,720.0,1316.0,54.7112462006079,45.2887537993921
3155,1012.0,1203.0,2215.0,54.31151241534988,45.68848758465011
3156,7.0,7.0,14.0,50.0,50.0
3157,1049.0,1033.0,2082.0,49.615754082612874,50.384245917387126
3158,29.0,31.0,60.0,51.66666666666667,48.333333333333336
3159,926.0,561.0,1487.0,37.72696704774714,62.27303295225286
3160,574.0,677.0,1251.0,54.11670663469225,45.88329336530775
3161,1093.0,668.0,1761.0,37.93299261783078,62.06700738216922
3162,546.0,418.0,964.0,43.36099585062241,56.63900414937759
3163,924.0,1059.0,1983.0,53.40393343419062,46.59606656580938
3164,604.0,964.0,1568.0,61.47959183673469,38.52040816326531
3165,1407.0,1510.0,2917.0,51.76551251285567,48.23448748714433
3166,221.0,164.0,385.0,42.59740259740259,57.4025974025974
3167,1.0,1.0,2.0,50.0,50.0
3168,249.0,215.0,464.0,46.33620689655172,53.66379310344828
3169,39.0,68.0,107.0,63.55140186915887,36.44859813084112
3170,0.0,0.0,0.0,,
3171,0.0,0.0,0.0,,
3172,263.0,131.0,394.0,33.24873096446701,66.75126903553299
3173,1418.0,1424.0,2842.0,50.10555946516537,49.89444053483462
3174,1476.0,1956.0,3432.0,56.993006993006986,43.00699300699301
3175,246.0,217.0,463.0,46.868250539956804,53.131749460043196
3176,20.0,19.0,39.0,48.717948717948715,51.28205128205128
3177,0.0,0.0,0.0,,
3178,0.0,0.0,0.0,,
3179,0.0,0.0,0.0,,
3180,487.0,370.0,857.0,43.17386231038506,56.82613768961493
3181,849.0,1001.0,1850.0,54.10810810810811,45.89189189189189
3182,336.0,277.0,613.0,45.18760195758564,54.81239804241436
3183,1.0,11.0,12.0,91.66666666666666,8.333333333333332
3184,70.0,79.0,149.0,53.02013422818792,46.97986577181208
3185,125.0,88.0,213.0,41.31455399061033,58.68544600938967
3186,0.0,0.0,0.0,,
3187,0.0,0.0,0.0,,
3188,0.0,0.0,0.0,,
3189,492.0,369.0,861.0,42.857142857142854,57.14285714285714
3190,182.0,100.0,282.0,35.46099290780142,64.53900709219859
3191,85.0,82.0,167.0,49.101796407185624,50.898203592814376
3192,0.0,0.0,0.0,,
3193,75.0,79.0,154.0,51.298701298701296,48.701298701298704
3194,1292.0,1994.0,3286.0,60.68167985392574,39.31832014607426
3195,922.0,322.0,1244.0,25.884244372990356,74.11575562700965
3196,2.0,10.0,12.0,83.33333333333334,16.666666666666664
3197,0.0,0.0,0.0,,
3198,309.0,269.0,578.0,46.53979238754326,53.46020761245674
3199,1133.0,1437.0,2570.0,55.91439688715953,44.08560311284047
3200,0.0,0.0,0.0,,
3201,1332.0,2056.0,3388.0,60.68476977567887,39.315230224321134
3202,427.0,441.0,868.0,50.806451612903224,49.193548387096776
3203,151.0,229.0,380.0,60.26315789473684,39.73684210526316
3204,0.0,0.0,0.0,,
3205,0.0,0.0,0.0,,
3206,83.0,20.0,103.0,19.41747572815534,80.58252427184466
3207,3.0,0.0,3.0,0.0,100.0
3208,48.0,16.0,64.0,25.0,75.0
3209,276.0,342.0,618.0,55.33980582524271,44.66019417475729
3210,1124.0,835.0,1959.0,42.62378764675855,57.37621235324145
4001,1467.0,606.0,2073.0,29.232995658465992,70.76700434153402
4002,364.0,113.0,477.0,23.68972746331237,76.31027253668763
4003,572.0,113.0,685.0,16.4963503649635,83.5036496350365
4004,517.0,166.0,683.0,24.30453879941435,75.69546120058565
4005,825.0,192.0,1017.0,18.87905604719764,81.12094395280236
4006,327.0,89.0,416.0,21.394230769230766,78.60576923076923
4007,439.0,375.0,814.0,46.06879606879607,53.93120393120393
4008,261.0,165.0,426.0,38.732394366197184,61.267605633802816
4009,373.0,93.0,466.0,19.95708154506438,80.04291845493562
4010,584.0,92.0,676.0,13.609467455621301,86.3905325443787
4011,641.0,94.0,735.0,12.789115646258503,87.21088435374149
4012,342.0,85.0,427.0,19.906323185011708,80.09367681498829
4013,390.0,144.0,534.0,26.96629213483146,73.03370786516854
4014,194.0,47.0,241.0,19.502074688796682,80.49792531120332
4015,794.0,217.0,1011.0,21.463897131552915,78.53610286844707
4016,1028.0,331.0,1359.0,24.356144223693892,75.64385577630611
4017,1082.0,265.0,1347.0,19.673348181143282,80.32665181885672
4018,643.0,171.0,814.0,21.007371007371006,78.992628992629
4019,1004.0,445.0,1449.0,30.710835058661146,69.28916494133885
4020,494.0,304.0,798.0,38.095238095238095,61.904761904761905
4021,412.0,269.0,681.0,39.500734214390604,60.4992657856094
4022,54.0,49.0,103.0,47.57281553398058,52.42718446601942
4023,939.0,569.0,1508.0,37.732095490716176,62.267904509283824
4024,1087.0,552.0,1639.0,33.6790726052471,66.3209273947529
4025,480.0,234.0,714.0,32.773109243697476,67.22689075630252
4026,1356.0,547.0,1903.0,28.744088281660535,71.25591171833946
4027,701.0,289.0,990.0,29.19191919191919,70.8080808080808
4028,1126.0,357.0,1483.0,24.072825354012135,75.92717464598786
4029,979.0,222.0,1201.0,18.484596169858452,81.51540383014155
4030,160.0,17.0,177.0,9.6045197740113,90.3954802259887
4031,698.0,274.0,972.0,28.189300411522634,71.81069958847736
4032,679.0,356.0,1035.0,34.39613526570049,65.60386473429952
4033,1337.0,643.0,1980.0,32.474747474747474,67.52525252525253
4034,663.0,333.0,996.0,33.433734939759034,66.56626506024097
4035,13.0,10.0,23.0,43.47826086956522,56.52173913043478
4036,1275.0,276.0,1551.0,17.79497098646035,82.20502901353966
4037,732.0,120.0,852.0,14.084507042253522,85.91549295774648
4038,1415.0,768.0,2183.0,35.180943655519926,64.81905634448007
4039,590.0,68.0,658.0,10.33434650455927,89.66565349544074
4040,550.0,116.0,666.0,17.417417417417415,82.58258258258259
4041,963.0,143.0,1106.0,12.929475587703434,87.07052441229656
4042,97.0,57.0,154.0,37.01298701298701,62.98701298701299
4043,1214.0,712.0,1926.0,36.967808930425754,63.03219106957425
4044,537.0,297.0,834.0,35.61151079136691,64.38848920863309
4045,934.0,583.0,1517.0,38.43111404087014,61.56888595912986
4046,980.0,845.0,1825.0,46.3013698630137,53.6986301369863
4047,996.0,546.0,1542.0,35.40856031128405,64.59143968871595
4048,764.0,241.0,1005.0,23.980099502487562,76.01990049751244
4049,946.0,473.0,1419.0,33.33333333333333,66.66666666666666
4050,533.0,625.0,1158.0,53.97236614853195,46.027633851468046
4051,658.0,740.0,1398.0,52.93276108726752,47.06723891273247
4052,800.0,708.0,1508.0,46.94960212201592,53.05039787798409
4053,848.0,571.0,1419.0,40.23960535588443,59.76039464411558
4054,1428.0,1176.0,2604.0,45.16129032258064,54.83870967741935
4055,502.0,562.0,1064.0,52.819548872180455,47.18045112781955
4056,1033.0,1061.0,2094.0,50.66857688634193,49.33142311365807
4057,528.0,797.0,1325.0,60.15094339622642,39.84905660377358
4058,490.0,788.0,1278.0,61.658841940532085,38.341158059467915
4059,796.0,683.0,1479.0,46.17985125084517,53.82014874915484
4060,687.0,468.0,1155.0,40.519480519480524,59.480519480519476
4061,925.0,398.0,1323.0,30.083144368858655,69.91685563114135
4062,309.0,145.0,454.0,31.938325991189426,68.06167400881057
4063,313.0,207.0,520.0,39.80769230769231,60.192307692307686
4064,803.0,663.0,1466.0,45.225102319236015,54.77489768076398
4065,1648.0,664.0,2312.0,28.719723183391004,71.280276816609
4066,1407.0,698.0,2105.0,33.159144893111645,66.84085510688837
4067,589.0,448.0,1037.0,43.201542912246865,56.79845708775313
4068,309.0,162.0,471.0,34.394904458598724,65.60509554140127
4069,290.0,470.0,760.0,61.8421052631579,38.15789473684211
4070,1488.0,600.0,2088.0,28.735632183908045,71.26436781609196
4071,199.0,971.0,1170.0,82.991452991453,17.00854700854701
4072,629.0,1556.0,2185.0,71.21281464530892,28.787185354691076
4073,536.0,546.0,1082.0,50.46210720887245,49.53789279112754
4074,572.0,717.0,1289.0,55.6245151280062,44.37548487199379
4075,301.0,80.0,381.0,20.99737532808399,79.00262467191601
4076,1303.0,707.0,2010.0,35.17412935323383,64.82587064676618
4077,1328.0,809.0,2137.0,37.85680861020121,62.14319138979878
4078,230.0,738.0,968.0,76.2396694214876,23.7603305785124
4079,492.0,584.0,1076.0,54.27509293680297,45.72490706319702
4080,868.0,473.0,1341.0,35.272184936614465,64.72781506338553
4081,183.0,204.0,387.0,52.71317829457365,47.286821705426355
4082,762.0,182.0,944.0,19.279661016949152,80.72033898305084
4083,325.0,221.0,546.0,40.476190476190474,59.523809523809526
4084,273.0,99.0,372.0,26.61290322580645,73.38709677419355
4085,5.0,35.0,40.0,87.5,12.5
4086,116.0,207.0,323.0,64.08668730650155,35.91331269349845
4087,1155.0,603.0,1758.0,34.30034129692833,65.69965870307168
4088,1660.0,774.0,2434.0,31.799506984387836,68.20049301561217
4089,1242.0,937.0,2179.0,43.00137677833869,56.99862322166132
4090,736.0,630.0,1366.0,46.120058565153734,53.879941434846266
4091,444.0,232.0,676.0,34.319526627218934,65.68047337278107
4092,589.0,593.0,1182.0,50.169204737732656,49.830795262267344
4093,986.0,788.0,1774.0,44.41939120631341,55.58060879368658
4094,668.0,574.0,1242.0,46.2157809983897,53.7842190016103
4095,633.0,506.0,1139.0,44.42493415276558,55.57506584723442
4096,942.0,569.0,1511.0,37.65718067504963,62.34281932495036
4097,759.0,688.0,1447.0,47.546648237733244,52.453351762266756
4098,561.0,503.0,1064.0,47.274436090225564,52.72556390977443
4099,470.0,281.0,751.0,37.416777629826896,62.5832223701731
4100,390.0,292.0,682.0,42.81524926686217,57.18475073313783
4101,292.0,434.0,726.0,59.77961432506888,40.22038567493113
4102,308.0,160.0,468.0,34.18803418803419,65.8119658119658
4103,0.0,0.0,0.0,,
4104,742.0,636.0,1378.0,46.15384615384615,53.84615384615385
4105,631.0,787.0,1418.0,55.500705218617775,44.499294781382225
4106,180.0,74.0,254.0,29.133858267716533,70.86614173228347
4107,482.0,423.0,905.0,46.74033149171271,53.25966850828729
4108,1299.0,945.0,2244.0,42.112299465240646,57.887700534759354
4109,554.0,334.0,888.0,37.61261261261261,62.387387387387385
4110,614.0,180.0,794.0,22.670025188916874,77.32997481108312
4111,171.0,22.0,193.0,11.398963730569948,88.60103626943005
4112,295.0,319.0,614.0,51.954397394136805,48.045602605863195
4113,409.0,95.0,504.0,18.849206349206348,81.15079365079364
4114,31.0,16.0,47.0,34.04255319148936,65.95744680851064
4115,71.0,81.0,152.0,53.289473684210535,46.71052631578947
4116,19.0,16.0,35.0,45.714285714285715,54.285714285714285
4117,218.0,173.0,391.0,44.24552429667519,55.754475703324815
4118,15.0,40.0,55.0,72.72727272727273,27.27272727272727
4119,323.0,97.0,420.0,23.095238095238095,76.90476190476191
4120,73.0,36.0,109.0,33.02752293577982,66.97247706422019
4121,56.0,84.0,140.0,60.0,40.0
4122,40.0,14.0,54.0,25.925925925925924,74.07407407407408
4123,70.0,23.0,93.0,24.731182795698924,75.26881720430107
4124,832.0,295.0,1127.0,26.175687666370894,73.82431233362911
4125,23.0,14.0,37.0,37.83783783783784,62.16216216216216
4126,586.0,654.0,1240.0,52.741935483870975,47.25806451612903
4127,19.0,13.0,32.0,40.625,59.375
4128,81.0,39.0,120.0,32.5,67.5
4129,20.0,62.0,82.0,75.60975609756098,24.390243902439025
4130,303.0,248.0,551.0,45.00907441016334,54.99092558983666
4131,164.0,76.0,240.0,31.666666666666664,68.33333333333333
4132,1073.0,566.0,1639.0,34.53325198291641,65.46674801708359
4133,3.0,15.0,18.0,83.33333333333334,16.666666666666664
4134,3.0,1.0,4.0,25.0,75.0
4135,0.0,0.0,0.0,,
4136,348.0,379.0,727.0,52.13204951856947,47.86795048143054
4137,14.0,75.0,89.0,84.26966292134831,15.730337078651685
4138,0.0,0.0,0.0,,
4139,0.0,0.0,0.0,,
4140,0.0,0.0,0.0,,
4141,117.0,37.0,154.0,24.025974025974026,75.97402597402598
4142,295.0,57.0,352.0,16.193181818181817,83.80681818181817
4143,2006.0,791.0,2797.0,28.28030032177333,71.71969967822666
4144,154.0,236.0,390.0,60.51282051282051,39.48717948717949
4145,3.0,2.0,5.0,40.0,60.0
4146,11.0,7.0,18.0,38.88888888888889,61.111111111111114
4147,123.0,92.0,215.0,42.7906976744186,57.20930232558139
4148,49.0,49.0,98.0,50.0,50.0
4149,169.0,101.0,270.0,37.407407407407405,62.59259259259259
4150,811.0,376.0,1187.0,31.676495366470093,68.32350463352991
4151,98.0,339.0,437.0,77.57437070938215,22.42562929061785
4152,782.0,474.0,1256.0,37.738853503184714,62.261146496815286
4153,58.0,53.0,111.0,47.74774774774775,52.25225225225225
4154,262.0,196.0,458.0,42.79475982532751,57.20524017467249
4155,1242.0,365.0,1607.0,22.713130056004978,77.28686994399501
4156,495.0,208.0,703.0,29.58748221906117,70.41251778093883
4157,849.0,192.0,1041.0,18.443804034582133,81.55619596541787
4158,198.0,115.0,313.0,36.74121405750799,63.25878594249201
4159,4.0,9.0,13.0,69.23076923076923,30.76923076923077
4160,856.0,374.0,1230.0,30.40650406504065,69.59349593495935
4161,359.0,64.0,423.0,15.130023640661939,84.86997635933807
4162,872.0,708.0,1580.0,44.81012658227848,55.18987341772152
4163,922.0,454.0,1376.0,32.99418604651162,67.00581395348837
4164,689.0,898.0,1587.0,56.58475110270952,43.41524889729049
4165,23.0,47.0,70.0,67.14285714285714,32.857142857142854
4166,158.0,69.0,227.0,30.396475770925107,69.60352422907489
4167,6.0,11.0,17.0,64.70588235294117,35.294117647058826
4168,974.0,451.0,1425.0,31.649122807017545,68.35087719298245
4169,110.0,140.0,250.0,56.00000000000001,44.0
4170,139.0,105.0,244.0,43.0327868852459,56.9672131147541
4171,464.0,454.0,918.0,49.45533769063181,50.54466230936819
4172,506.0,412.0,918.0,44.88017429193899,55.119825708061
4173,577.0,511.0,1088.0,46.966911764705884,53.033088235294116
4174,528.0,345.0,873.0,39.51890034364261,60.48109965635739
4175,0.0,0.0,0.0,,
4176,346.0,370.0,716.0,51.675977653631286,48.324022346368714
4177,25.0,2.0,27.0,7.4074074074074066,92.5925925925926
4178,2.0,0.0,2.0,0.0,100.0
4179,1059.0,925.0,1984.0,46.622983870967744,53.37701612903226
4180,0.0,3.0,3.0,100.0,0.0
4181,0.0,1.0,1.0,100.0,0.0
4182,0.0,0.0,0.0,,
4183,53.0,13.0,66.0,19.696969696969695,80.3030303030303
4184,10.0,1.0,11.0,9.090909090909092,90.9090909090909
4185,0.0,1.0,1.0,100.0,0.0
4186,62.0,13.0,75.0,17.333333333333336,82.66666666666667
4187,0.0,0.0,0.0,,
4188,0.0,0.0,0.0,,
4189,394.0,188.0,582.0,32.302405498281786,67.69759450171821
4190,0.0,1.0,1.0,100.0,0.0
4191,1.0,0.0,1.0,0.0,100.0
4192,0.0,0.0,0.0,,
4193,26.0,13.0,39.0,33.33333333333333,66.66666666666666
4194,237.0,212.0,449.0,47.216035634743875,52.78396436525612
4195,0.0,0.0,0.0,,
4196,0.0,0.0,0.0,,
4197,2.0,1.0,3.0,33.33333333333333,66.66666666666666
4198,723.0,267.0,990.0,26.969696969696972,73.03030303030303
4199,519.0,306.0,825.0,37.09090909090909,62.909090909090914
4200,1312.0,655.0,1967.0,33.29944077275038,66.70055922724963
4201,3.0,10.0,13.0,76.92307692307693,23.076923076923077
4202,0.0,0.0,0.0,,
4203,214.0,43.0,257.0,16.731517509727624,83.26848249027238
4204,3.0,1.0,4.0,25.0,75.0
4205,45.0,39.0,84.0,46.42857142857143,53.57142857142857
4206,188.0,148.0,336.0,44.047619047619044,55.952380952380956
4207,0.0,0.0,0.0,,
4208,0.0,0.0,0.0,,
4209,11.0,35.0,46.0,76.08695652173914,23.91304347826087
4210,8.0,3.0,11.0,27.27272727272727,72.72727272727273
4211,18.0,2.0,20.0,10.0,90.0
4212,0.0,0.0,0.0,,
4213,17.0,10.0,27.0,37.03703703703704,62.96296296296296
5020,244.0,51.0,295.0,17.28813559322034,82.71186440677965
5021,248.0,43.0,291.0,14.776632302405499,85.2233676975945
5023,148.0,41.0,189.0,21.693121693121693,78.3068783068783
5028,58.0,13.0,71.0,18.30985915492958,81.69014084507043
5035,98.0,17.0,115.0,14.782608695652174,85.21739130434783
6000,0.0,0.0,0.0,,
6001,0.0,0.0,0.0,,
6002,0.0,0.0,0.0,,
6003,0.0,0.0,0.0,,
6004,0.0,0.0,0.0,,
6005,810.0,548.0,1358.0,40.35346097201767,59.64653902798233
6006,0.0,0.0,0.0,,
6007,0.0,0.0,0.0,,
6008,1.0,0.0,1.0,0.0,100.0
6009,0.0,0.0,0.0,,
6010,76.0,61.0,137.0,44.52554744525548,55.47445255474452
6011,1.0,0.0,1.0,0.0,100.0
6012,31.0,29.0,60.0,48.333333333333336,51.66666666666667
6013,21.0,12.0,33.0,36.36363636363637,63.63636363636363
6014,6.0,4.0,10.0,40.0,60.0
6015,2.0,2.0,4.0,50.0,50.0
6016,8.0,5.0,13.0,38.46153846153847,61.53846153846154
6017,6.0,4.0,10.0,40.0,60.0
6018,62.0,42.0,104.0,40.38461538461539,59.61538461538461
6019,0.0,0.0,0.0,,
6020,0.0,0.0,0.0,,
6021,4.0,7.0,11.0,63.63636363636363,36.36363636363637
6022,0.0,0.0,0.0,,
6023,1.0,0.0,1.0,0.0,100.0
6024,0.0,0.0,0.0,,
6025,45.0,32.0,77.0,41.55844155844156,58.44155844155844
6026,0.0,0.0,0.0,,
